Model,MAE,RMSE,R2,MSE
Linear Regression,15693.549240049142,19720.014193312454,0.9061259001840335,388878959.7844447
Random Forest,19439.47949527999,24545.96887464645,0.8545573772765133,602504587.9951122
XGBoost,17100.879746027054,21557.55043883151,0.887816196349121,464727980.92276466
